Search Parameters,Year,Mo,Dy,Hr,Mn,Sec,Tsunami Event Validity,Tsunami Cause Code,Earthquake Magnitude,Vol,More Info,Deposits,Country,Location Name,Latitude,Longitude,Maximum Water Height (m),Number of Runups,Tsunami Magnitude (Abe),Tsunami Magnitude (Iida),Tsunami Intensity,Deaths,Death Description,Missing,Missing Description,Injuries,Injuries Description,Damage ($Mil),Damage Description,Houses Destroyed,Houses Destroyed Description,Houses Damaged,Houses Damaged Description,Total Deaths,Total Death Description,Total Missing,Total Missing Description,Total Injuries,Total Injuries Description,Total Damage ($Mil),Total Damage Description,Total Houses Destroyed,Total Houses Destroyed Description,Total Houses Damaged,Total Houses Damaged Description
"[""2000 <= Year >= 2026"",""Cause Code = 1"",""Validity = Definite Tsunami""]",,,,,,,,,,,,,,,,,,,,,,,,,,,,,,,,,,,,,,,,,,,,,
,2000.0,5.0,4.0,4.0,21.0,16.2,4.0,1.0,7.6,,,0.0,INDONESIA,SULAWESI,-1.105,123.573,6.0,2.0,,,,54.0,2.0,,,264.0,,,3.0,,4.0,,,54.0,2.0,,,264.0,3.0,30.0,4.0,23000.0,4.0,,
,2000.0,6.0,18.0,14.0,44.0,13.3,4.0,1.0,7.9,,,0.0,AUSTRALIA,SOUTH INDIAN OCEAN,-13.802,97.453,0.3,1.0,,,,,,,,,,,,,,,,,,,,,,,,,,,
,2000.0,7.0,1.0,7.0,1.0,55.5,4.0,1.0,6.1,5104.0,,1.0,JAPAN,"KOZU-SHIMA ISLAND, HONSHU",34.221,139.131,0.07,4.0,,,,,,,,,,,,,,,,1.0,1.0,,,,3.0,,1.0,,,,
,2000.0,7.0,15.0,1.0,30.0,30.5,4.0,1.0,6.1,,,0.0,JAPAN,HONSHU: S COAST,34.319,139.26,0.07,1.0,,,,,,,,,,,,,,,,,,,,10.0,1.0,,1.0,,,20.0,1.0
,2000.0,7.0,30.0,12.0,25.0,45.5,4.0,1.0,6.5,,,0.0,JAPAN,HONSHU: S COAST,33.901,139.376,0.14,1.0,,,,,,,,,,,,,,,,,,,,1.0,1.0,,1.0,,,,
,2000.0,11.0,16.0,4.0,54.0,55.9,4.0,1.0,8.0,,,0.0,PAPUA NEW GUINEA,BISMARCK SEA,-4.001,152.327,3.0,10.0,,,,,,,,,,,2.0,,,,,2.0,1.0,,,,,,2.0,,3.0,,
,2001.0,6.0,23.0,20.0,33.0,14.1,4.0,1.0,8.4,,,4.0,PERU,S. PERU,-16.265,-73.641,8.8,154.0,,,,26.0,1.0,70.0,2.0,,,,4.0,2000.0,4.0,,,103.0,3.0,138.0,3.0,2713.0,4.0,200.0,4.0,25399.0,4.0,,
,2001.0,10.0,12.0,5.0,2.0,34.0,4.0,1.0,6.1,,,0.0,CANADA,QUEEN CHARLOTTE ISLANDS,52.63,-132.2,0.11,4.0,,,,,,,,,,,,,,,,,,,,,,,,,,,
,2001.0,12.0,18.0,4.0,2.0,58.2,4.0,1.0,6.8,,,0.0,TAIWAN,TAIWAN,23.954,122.734,0.16,6.0,,,,,,,,,,,,,,,,,,,,,,,,,,,
,2002.0,1.0,2.0,17.0,22.0,48.7,4.0,1.0,7.2,,,0.0,VANUATU,VANUATU ISLANDS,-17.6,167.856,3.0,2.0,,-4.64,-4.14,,,,,,,,,,,,,,,,,,2.0,,1.0,,,,2.0
,2002.0,3.0,5.0,21.0,16.0,9.1,4.0,1.0,7.5,,,0.0,PHILIPPINES,"MINDANAO ISLAND, PHILIPPINES",6.033,124.249,3.0,3.0,,,,,,,,,,,1.0,,,,,15.0,1.0,,,100.0,2.0,1.714,2.0,,,800.0,3.0
,2002.0,3.0,31.0,6.0,52.0,50.4,4.0,1.0,7.1,,,0.0,TAIWAN,TAIWAN,24.279,122.179,0.2,11.0,,,,,,,,,,,,,,,,5.0,1.0,,,200.0,3.0,,2.0,100.0,2.0,,
,2002.0,4.0,18.0,5.0,2.0,46.1,4.0,1.0,6.7,,,0.0,MEXICO,S. MEXICO,16.985,-100.865,,2.0,,,,,,,,,,,,,,,,,,,,,,,1.0,,,,
,2002.0,9.0,8.0,18.0,44.0,25.5,4.0,1.0,7.6,,,0.0,PAPUA NEW GUINEA,BISMARCK SEA,-3.26,142.94,5.5,88.0,,0.58,1.08,,,,,,,,1.0,,1.0,,,4.0,1.0,,,70.0,2.0,,3.0,,1.0,873.0,3.0
,2002.0,9.0,13.0,22.0,28.0,29.4,4.0,1.0,6.5,,,0.0,INDIA,"ANDAMAN ISLANDS, INDIA",13.036,93.068,,4.0,,,,,,,,,,,1.0,,,,1.0,2.0,1.0,,,,,,2.0,40.0,1.0,,1.0
,2003.0,1.0,20.0,8.0,43.0,6.0,4.0,1.0,7.3,,,0.0,SOLOMON ISLANDS,SOLOMON ISLANDS,-10.491,160.77,2.0,2.0,,,,,,,,,,,,,,,,,,,,,,,,,,,
,2003.0,1.0,22.0,2.0,6.0,34.6,4.0,1.0,7.5,,,1.0,MEXICO,S. MEXICO,18.77,-104.104,0.61,6.0,,,0.5,,,,,,,,,,,,,29.0,1.0,,,1073.0,4.0,116.3,4.0,2005.0,4.0,6615.0,4.0
,2003.0,5.0,21.0,18.0,44.0,20.1,4.0,1.0,6.8,,,1.0,ALGERIA,N. ALGERIA,36.964,3.634,3.0,44.0,,1.0,1.5,,,,,,,,2.0,,3.0,,,2287.0,4.0,800.0,3.0,11000.0,4.0,5000.0,4.0,19000.0,4.0,163000.0,4.0
,2003.0,5.0,27.0,17.0,11.0,28.8,4.0,1.0,5.7,,,0.0,ALGERIA,ALGIERS,36.939,3.578,0.08,2.0,,,,,,,,,,,,,,,,9.0,1.0,,,200.0,3.0,,2.0,,3.0,,
,2003.0,8.0,4.0,4.0,37.0,20.1,4.0,1.0,7.6,,,0.0,ANTARCTICA,SCOTIA SEA,-60.532,-43.411,,1.0,,,,,,,,,,,,,,,,,,,,,,,1.0,,,,
,2003.0,9.0,25.0,19.0,50.0,6.3,4.0,1.0,8.3,,,1.0,JAPAN,HOKKAIDO ISLAND,41.815,143.91,4.4,268.0,,,,2.0,1.0,,,,,,1.0,,,,,2.0,1.0,,,849.0,3.0,90.0,4.0,,,,
,2003.0,10.0,31.0,1.0,6.0,28.2,4.0,1.0,7.0,,,0.0,JAPAN,E. HONSHU ISLAND,37.812,142.619,0.32,4.0,,,,,,,,,,,,,,,,,,,,,,,,,,,
,2003.0,11.0,17.0,6.0,43.0,6.8,4.0,1.0,7.8,,,0.0,USA,"RAT ISLANDS, ALEUTIAN ISLANDS, AK",51.146,178.65,0.33,20.0,,,,,,,,,,,,,,,,,,,,,,,1.0,,,,
,2003.0,12.0,27.0,16.0,0.0,59.0,4.0,1.0,7.3,,,0.0,NEW CALEDONIA,LOYALTY ISLANDS,-22.015,169.766,0.15,2.0,,,,,,,,,,,,,,,,,,,,,,,,,,,
,2004.0,1.0,28.0,22.0,15.0,30.7,4.0,1.0,6.7,,,0.0,INDONESIA,SERAM ISLAND,-3.12,127.4,,1.0,,,,,,,,,,,,,,,,,,,,,,,,,,,
,2004.0,2.0,11.0,8.0,15.0,3.8,4.0,1.0,5.3,,,1.0,JORDAN,DEAD SEA,31.675,35.551,1.0,1.0,,,,,,,,,,,,,,,,,,,,4.0,1.0,,2.0,,,,2.0
,2004.0,9.0,5.0,10.0,7.0,7.8,4.0,1.0,7.2,,,0.0,JAPAN,SOUTH COAST HONSHU ISLAND,33.07,136.618,0.63,12.0,,,,,,,,,,,,,,,,,,,,4.0,1.0,,1.0,,,,
,2004.0,9.0,5.0,14.0,57.0,18.6,4.0,1.0,7.4,,,0.0,JAPAN,SOUTH COAST HONSHU ISLAND,33.184,137.071,0.93,24.0,,,,,,,,,,,,,,,,,,,,40.0,1.0,,1.0,,,,
,2004.0,11.0,2.0,10.0,2.0,12.8,4.0,1.0,6.6,,,0.0,CANADA,VANCOUVER ISLAND,49.277,-128.772,0.06,2.0,,,,,,,,,,,,,,,,,,,,,,,,,,,
,2004.0,11.0,11.0,21.0,26.0,41.1,4.0,1.0,7.5,,,0.0,INDONESIA,KEPULAUAN ALOR,-8.152,124.868,2.0,3.0,,,,,,,,,,,1.0,,,1.0,1.0,34.0,1.0,,,400.0,3.0,,3.0,781.0,3.0,16712.0,4.0
,2004.0,11.0,21.0,11.0,41.0,7.7,4.0,1.0,6.3,,,1.0,GUADELOUPE (FRENCH TERRITORY),"BASSE-TERRE, LES SAINTES",15.679,-61.706,2.0,9.0,,,,,,,,,,,,,,,,1.0,1.0,,,12.0,1.0,155.0,4.0,,3.0,,
,2004.0,11.0,22.0,20.0,26.0,23.9,4.0,1.0,7.1,,,0.0,NEW ZEALAND,PUYSEGUR TRENCH,-46.676,164.721,,1.0,,,,,,,,,,,,,,,,,,,,,,,,,,,
,2004.0,11.0,28.0,18.0,32.0,14.1,4.0,1.0,7.0,,,0.0,JAPAN,HOKKAIDO ISLAND,43.006,145.119,0.12,2.0,,,,,,,,,,,,,,,,,,,,24.0,1.0,,2.0,,,,1.0
,2004.0,12.0,23.0,14.0,59.0,4.4,4.0,1.0,8.1,,,0.0,AUSTRALIA,MACQUARIE ISLAND,-49.312,161.345,0.3,5.0,,,,,,,,,,,,,,,,,,,,,,,,,,,
,2004.0,12.0,26.0,0.0,58.0,53.5,4.0,1.0,9.1,,,147.0,INDONESIA,OFF W. COAST OF SUMATRA,3.295,95.982,50.9,2177.0,,,,227899.0,4.0,,,,3.0,10000.0,4.0,,4.0,,4.0,227899.0,4.0,,,,3.0,10000.0,4.0,,4.0,,4.0
,2005.0,1.0,19.0,6.0,11.0,36.4,4.0,1.0,6.6,,,0.0,JAPAN,E. HONSHU ISLAND,34.064,141.491,0.39,11.0,,,,,,,,,,,,,,,,,,,,,,,,,,,
,2005.0,3.0,28.0,16.0,9.0,36.5,4.0,1.0,8.6,,,1.0,INDONESIA,INDONESIA,2.085,97.108,4.2,76.0,,,,16.0,1.0,,,,,,1.0,,,,,1319.0,4.0,,,340.0,3.0,,4.0,300.0,3.0,,
,2005.0,4.0,10.0,10.0,29.0,11.2,4.0,1.0,6.7,,,0.0,INDONESIA,KEPULAUAN MENTAWAI,-1.644,99.607,0.4,1.0,,,,,,,,,,,,,,,,,,,,,,,,,,,
,2005.0,6.0,15.0,2.0,50.0,53.1,4.0,1.0,7.2,,,0.0,USA,N. CALIFORNIA,41.301,-125.97,0.1,5.0,,,,,,,,,,,,,,,,,,,,,,,,,,,
,2005.0,8.0,16.0,2.0,46.0,28.4,4.0,1.0,7.2,,,0.0,JAPAN,E. COAST HONSHU ISLAND,38.276,142.039,0.05,1.0,,,,,,,,,,,,,,,,,,,,56.0,2.0,,1.0,1.0,1.0,,
,2005.0,11.0,14.0,21.0,38.0,51.4,4.0,1.0,7.0,,,0.0,JAPAN,E. COAST HONSHU ISLAND,38.107,144.896,0.42,1.0,,,,,,,,,,,,,,,,,,,,,,,,,,,
,2006.0,3.0,14.0,6.0,57.0,33.8,4.0,1.0,6.7,,,0.0,INDONESIA,SERAM ISLAND,-3.595,127.214,3.5,1.0,,,,4.0,1.0,,,,,,2.0,241.0,3.0,,,4.0,1.0,,,,,1.0,2.0,241.0,3.0,,
,2006.0,5.0,3.0,15.0,26.0,40.2,4.0,1.0,8.0,,,0.0,TONGA,TONGA,-20.187,-174.123,0.27,55.0,,,,,,,,,,,,,,,,,,,,1.0,1.0,,1.0,,,,
,2006.0,7.0,17.0,8.0,19.0,26.0,4.0,1.0,7.7,,,4.0,INDONESIA,SOUTH OF JAVA,-9.284,107.419,20.9,211.0,8.1,,,802.0,3.0,,,498.0,3.0,55.0,4.0,1623.0,4.0,,,802.0,3.0,,,498.0,3.0,55.0,4.0,1623.0,4.0,,
,2006.0,9.0,28.0,6.0,22.0,9.7,4.0,1.0,6.9,,,0.0,SAMOA,SAMOA ISLANDS,-16.592,-172.033,0.08,1.0,,,,,,,,,,,,,,,,,,,,,,,,,,,
,2006.0,10.0,15.0,17.0,7.0,49.2,4.0,1.0,6.7,,,0.0,USA,HAWAII,19.878,-155.935,0.1,1.0,,,,,,,,,,,,,,,,,,,,,3.0,150.0,4.0,,,,
,2006.0,10.0,23.0,21.0,17.0,19.0,4.0,1.0,6.4,,,0.0,JAPAN,"IZU ISLANDS, JAPAN",29.351,140.27,0.16,5.0,,,,,,,,,,,,,,,,,,,,,,,,,,,
,2006.0,11.0,13.0,8.0,2.0,44.4,4.0,1.0,5.2,,,0.0,TAIWAN,SOUTH CHINA SEA,20.656,119.997,0.15,1.0,,,,,,,,,,,,,,,,,,,,,,,,,,,
,2006.0,11.0,15.0,11.0,14.0,13.5,4.0,1.0,8.3,,,3.0,RUSSIA,S. KURIL ISLANDS,46.592,153.266,21.9,261.0,,,,,,,,1.0,1.0,,2.0,,,,,,,,,1.0,1.0,,2.0,,,,
,2006.0,12.0,26.0,12.0,26.0,21.4,4.0,1.0,7.0,,,0.0,TAIWAN,TAIWAN,21.799,120.547,0.12,7.0,,,,,,,,,,,,,,,,2.0,1.0,,,40.0,1.0,,1.0,,2.0,,
,2007.0,1.0,13.0,4.0,23.0,21.1,4.0,1.0,8.1,,,1.0,RUSSIA,S. KURIL ISLANDS,46.243,154.524,0.4,47.0,,,,,,,,,,,,,,,,,,,,,,,,,,,
,2007.0,3.0,25.0,0.0,40.0,1.6,4.0,1.0,7.1,,,0.0,VANUATU,VANUATU ISLANDS,-20.617,169.357,0.08,2.0,,,,,,,,,,,,,,,,,,,,,,,,,,,
,2007.0,3.0,25.0,0.0,41.0,57.8,4.0,1.0,6.7,,,0.0,JAPAN,HONSHU: W COAST,37.336,136.588,0.1,6.0,,,,,,,,,,,,,,,,1.0,1.0,,,359.0,3.0,,3.0,13556.0,4.0,,
,2007.0,4.0,1.0,20.0,39.0,56.3,4.0,1.0,8.1,,,0.0,SOLOMON ISLANDS,SOLOMON ISLANDS,-8.46,157.044,12.1,248.0,,,,50.0,1.0,,,,,,3.0,2500.0,4.0,,,52.0,2.0,,,,,,3.0,2500.0,4.0,500.0,3.0
,2007.0,7.0,16.0,1.0,13.0,22.0,4.0,1.0,6.6,,,0.0,JAPAN,HONSHU: W COAST,37.57,138.478,,1.0,,,,,,,,,,,,,,,,15.0,1.0,,,2346.0,4.0,12500.0,4.0,1331.0,4.0,43343.0,4.0
,2007.0,8.0,2.0,2.0,37.0,42.3,4.0,1.0,6.2,,,0.0,RUSSIA,TATAR STRAIT,47.116,141.798,3.2,18.0,,,,,,,,,,,,,,,,2.0,1.0,,,14.0,1.0,347.7,4.0,11.0,1.0,20.0,1.0
,2007.0,8.0,2.0,3.0,21.0,42.8,4.0,1.0,6.7,,,0.0,USA,"ALEUTIAN ISLANDS, AK",51.307,-179.971,0.03,1.0,,,,,,,,,,,,,,,,,,,,,,,,,,,
,2007.0,8.0,15.0,23.0,40.0,57.8,4.0,1.0,8.0,,,0.0,PERU,S. PERU,-13.386,-76.603,10.05,141.0,,,,3.0,1.0,,,,,,1.0,,1.0,,,596.0,3.0,,,1292.0,4.0,600.0,4.0,93708.0,4.0,45813.0,4.0
,2007.0,9.0,2.0,1.0,5.0,18.1,4.0,1.0,7.2,,,0.0,SOLOMON ISLANDS,SANTA CRUZ ISLANDS,-11.61,165.762,0.05,2.0,,,,,,,,,,,,,,,,,,,,,,,,,,,
,2007.0,9.0,12.0,11.0,10.0,26.8,4.0,1.0,8.4,,,0.0,INDONESIA,SUMATRA,-4.438,101.367,5.0,56.0,,,,,,,,,,,1.0,,,,2.0,25.0,1.0,,,161.0,3.0,,3.0,56425.0,4.0,,
,2007.0,9.0,30.0,5.0,23.0,34.0,4.0,1.0,7.4,,,0.0,NEW ZEALAND,AUCKLAND ISLANDS,-49.418,163.954,0.35,8.0,,,,,,,,,,,,,,,,,,,,,,,,,,,
,2007.0,11.0,14.0,15.0,40.0,50.5,4.0,1.0,7.7,,,0.0,CHILE,NORTHERN CHILE,-22.247,-69.89,0.28,7.0,,,,,,,,,,,,,,,,2.0,1.0,,,65.0,2.0,,3.0,,4.0,,
,2007.0,12.0,9.0,7.0,28.0,20.8,4.0,1.0,7.8,,,0.0,KERMADEC ISLANDS,KERMADEC ISLANDS,-25.996,-177.514,0.03,1.0,,,,,,,,,,,,,,,,,,,,,,,,,,,
,2008.0,2.0,25.0,8.0,36.0,33.0,4.0,1.0,6.5,,,0.0,INDONESIA,SUMATRA,-2.486,99.972,0.12,1.0,,,,,,,,,,,,,,,,,,,,,,,1.0,,,,2.0
,2008.0,4.0,9.0,12.0,46.0,12.7,4.0,1.0,7.3,,,0.0,NEW CALEDONIA,LOYALTY ISLANDS,-20.071,168.892,0.16,1.0,,,,,,,,,,,,,,,,,,,,,,,,,,,
,2008.0,7.0,19.0,2.0,39.0,28.7,4.0,1.0,6.9,,,0.0,JAPAN,OFF EAST COAST OF HONSHU ISLAND,37.552,142.214,0.2,3.0,,,,,,,,,,,,,,,,,,,,,,,,,,,
,2008.0,9.0,11.0,0.0,20.0,50.9,4.0,1.0,6.8,,,0.0,JAPAN,HOKKAIDO ISLAND,41.892,143.754,0.09,1.0,,,,,,,,,,,,,,,,6.0,1.0,,,77.0,2.0,,3.0,,,1000.0,3.0
,2008.0,11.0,16.0,17.0,2.0,32.7,4.0,1.0,7.3,,,0.0,INDONESIA,SULAWESI,1.271,122.091,0.13,3.0,,,,,,,,,,,,,,,,6.0,1.0,,,77.0,2.0,,3.0,,,1000.0,3.0
,2009.0,1.0,3.0,19.0,43.0,50.6,4.0,1.0,7.6,,,0.0,INDONESIA,NEAR NORTH COAST,-0.414,132.885,0.39,24.0,,,,,,,,,,,,,,,,5.0,1.0,,,250.0,3.0,,3.0,,,840.0,3.0
,2009.0,1.0,15.0,17.0,49.0,39.0,4.0,1.0,7.4,,,0.0,RUSSIA,KAMCHATKA,46.857,155.154,0.11,11.0,,,,,,,,,,,,,,,,,,,,,,,,,,,
,2009.0,2.0,11.0,17.0,34.0,50.8,4.0,1.0,7.2,,,0.0,INDONESIA,CELEBES SEA,3.884,126.397,0.13,1.0,,,,,,,,,,,,,,,,,,,,64.0,2.0,,2.0,,,597.0,3.0
,2009.0,3.0,19.0,18.0,17.0,40.9,4.0,1.0,7.6,,,0.0,TONGA,TONGA,-23.046,-174.659,0.15,27.0,,,,,,,,,,,,,,,,,,,,,,,,,,,
,2009.0,5.0,28.0,8.0,24.0,45.0,4.0,1.0,7.3,,,0.0,HONDURAS,OFF COAST OF HONDURAS,16.72,-86.236,4.0,3.0,,,,,,,,,,,,,,,,7.0,1.0,,,40.0,1.0,100.0,4.0,135.0,3.0,1000.0,4.0
,2009.0,7.0,1.0,9.0,30.0,10.4,4.0,1.0,6.4,,,0.0,GREECE,CRETE,34.164,25.471,0.3,3.0,,,,,,,,,,,,,,,,,,,,,,,,,,,
,2009.0,7.0,15.0,9.0,22.0,29.0,4.0,1.0,7.8,,,1.0,NEW ZEALAND,OFF WEST COAST OF SOUTH ISLAND,-45.762,166.562,0.47,10.0,,,,,,,,,,,,,,,,,,,,,,,1.0,,,,
,2009.0,8.0,10.0,20.0,7.0,9.1,4.0,1.0,6.4,,,0.0,JAPAN,HONSHU: S COAST,34.743,138.264,0.6,5.0,,,,,,,,,,,,,,,,1.0,1.0,,,123.0,3.0,,3.0,5192.0,4.0,,
,2009.0,8.0,16.0,7.0,38.0,21.7,4.0,1.0,6.7,,,0.0,INDONESIA,SUMATRA,-1.479,99.49,0.18,1.0,,,,,,,,,,,,,,,,,,,,9.0,1.0,,,,,,
,2009.0,9.0,2.0,7.0,55.0,1.0,4.0,1.0,7.0,,,0.0,INDONESIA,JAVA SEA,-7.782,107.297,0.4,2.0,,,,,,,,,,,,,,,,81.0,2.0,,,1297.0,4.0,,3.0,,,54000.0,4.0
,2009.0,9.0,29.0,17.0,48.0,10.9,4.0,1.0,8.1,,,9.0,SAMOA,SAMOA ISLANDS,-15.489,-172.095,22.35,618.0,,,,192.0,3.0,,,7.0,1.0,285.0,4.0,,,,,192.0,3.0,,,7.0,1.0,285.0,4.0,,,,
,2009.0,9.0,30.0,10.0,16.0,9.2,4.0,1.0,7.5,,,0.0,INDONESIA,SUMATRA,-0.72,99.867,0.27,1.0,,,,,,,,,,,,,,,,1117.0,4.0,,,1214.0,4.0,2200.0,4.0,,3.0,181665.0,4.0
,2009.0,10.0,7.0,22.0,3.0,14.4,4.0,1.0,7.6,,,0.0,VANUATU,VANUATU ISLANDS,-13.006,166.51,0.29,37.0,,,,,,,,,,,,,,,,,,,,,,,,,,,
,2010.0,1.0,3.0,21.0,48.0,5.3,4.0,1.0,6.6,,,0.0,SOLOMON ISLANDS,SOLOMON ISLANDS,-8.743,157.477,0.01,1.0,,,,,,,,,,,,,,,,,,,,,,,,,,,
,2010.0,1.0,3.0,22.0,36.0,27.9,4.0,1.0,7.1,,,0.0,SOLOMON ISLANDS,SOLOMON ISLANDS,-8.799,157.346,7.52,51.0,,,,,,,,,,,1.0,,1.0,,,,,,,,,,1.0,16.0,1.0,60.0,2.0
,2010.0,1.0,5.0,12.0,15.0,32.2,4.0,1.0,6.8,,,0.0,SOLOMON ISLANDS,SOLOMON ISLANDS,-9.019,157.551,0.03,1.0,,,,,,,,,,,,,,,,,,,,,,,,,,,
,2010.0,2.0,27.0,6.0,34.0,11.5,4.0,1.0,8.8,,,4.0,CHILE,CENTRAL CHILE,-36.122,-72.898,29.0,692.0,,,,156.0,3.0,,,12000.0,4.0,30000.0,4.0,,,,,558.0,3.0,,,12000.0,4.0,30000.0,4.0,,,500000.0,4.0
,2010.0,3.0,11.0,14.0,39.0,43.9,4.0,1.0,6.9,,,0.0,CHILE,CENTRAL CHILE,-34.29,-71.891,0.14,2.0,,,,,,,,,,,,,,,,,,,,,,,1.0,,,,
,2010.0,4.0,6.0,22.0,15.0,1.5,4.0,1.0,7.8,,,0.0,INDONESIA,SUMATRA,2.383,97.048,0.44,6.0,,,,,,,,,,,,,,,,,,,,22.0,1.0,,2.0,64.0,2.0,949.0,3.0
,2010.0,6.0,12.0,19.0,26.0,50.4,4.0,1.0,7.5,,,0.0,INDIA,LITTLE NICOBAR ISLAND,7.881,91.936,0.03,2.0,,,,,,,,,,,,,,,,,,,,,,,,,,,
,2010.0,8.0,10.0,5.0,23.0,44.9,4.0,1.0,7.2,,,0.0,VANUATU,VANUATU ISLANDS,-17.541,168.069,0.23,1.0,,,,,,,,,,,,,,,,,,,,,,,,,,,
,2010.0,8.0,13.0,21.0,19.0,33.0,4.0,1.0,6.9,,,0.0,USA TERRITORY,"GUAM, MARIANA ISLANDS",12.484,141.476,0.07,1.0,,,,,,,,,,,,,,,,,,,,,,,,,,,
,2010.0,10.0,25.0,14.0,42.0,22.0,4.0,1.0,7.8,,,0.0,INDONESIA,SUMATRA,-3.487,100.082,16.9,358.0,,,,431.0,3.0,,,,,39.0,4.0,700.0,3.0,,,431.0,3.0,,,,,39.0,4.0,700.0,3.0,,
,2010.0,12.0,21.0,17.0,19.0,40.6,4.0,1.0,7.4,,,0.0,JAPAN,BONIN ISLANDS,26.901,143.698,0.15,15.0,,,,,,,,,,,,,,,,,,,,,,,,,,,
,2010.0,12.0,25.0,13.0,16.0,37.0,4.0,1.0,7.3,,,0.0,VANUATU,VANUATU ISLANDS,-19.702,167.947,4.1,12.0,,,,,,,,4.0,1.0,,1.0,,,,,,,,,4.0,1.0,,1.0,,,,
,2011.0,1.0,9.0,10.0,3.0,44.2,4.0,1.0,6.5,,,0.0,VANUATU,VANUATU ISLANDS,-19.157,168.311,0.03,1.0,,,,,,,,,,,,,,,,,,,,,,,,,,,
,2011.0,2.0,11.0,20.0,5.0,30.7,4.0,1.0,6.8,,,0.0,CHILE,CENTRAL CHILE,-36.474,-73.125,0.15,1.0,,,,,,,,,,,,,,,,,,,,,,,,,,,
,2011.0,3.0,9.0,2.0,45.0,20.0,4.0,1.0,7.3,,,0.0,JAPAN,HONSHU ISLAND,38.435,142.842,0.6,24.0,,,,,,,,,,,,,,,,,,,,,,,,,,,
,2011.0,3.0,9.0,21.0,24.0,1.0,4.0,1.0,6.3,,,0.0,JAPAN,OFF SANRIKU,38.296,142.808,0.06,1.0,,,,,,,,,,,,,,,,,,,,,,,,,,,
,2011.0,3.0,11.0,5.0,46.0,24.1,4.0,1.0,9.1,,,9.0,JAPAN,HONSHU ISLAND,38.297,142.373,39.26,6429.0,,,,18423.0,4.0,,,6167.0,4.0,220136.6,4.0,123661.0,4.0,280920.0,4.0,18423.0,4.0,,,6167.0,4.0,220136.6,4.0,123661.0,4.0,280920.0,4.0
,2011.0,4.0,7.0,14.0,32.0,43.2,4.0,1.0,7.1,,,0.0,JAPAN,E. COAST HONSHU ISLAND,38.276,141.588,0.08,1.0,,,,,,,,,,,,,,,,3.0,1.0,,,132.0,3.0,,1.0,,,,
,2011.0,5.0,10.0,8.0,55.0,9.0,4.0,1.0,6.8,,,0.0,NEW CALEDONIA,LOYALTY ISLANDS,-20.244,168.226,0.03,1.0,,,,,,,,,,,,,,,,,,,,,,,,,,,
,2011.0,6.0,24.0,3.0,9.0,39.4,4.0,1.0,7.3,,,0.0,USA,"ATKA, ALEUTIAN ISLANDS, AK",52.05,-171.836,0.1,7.0,,,,,,,,,,,,,,,,,,,,,,,,,,,
,2011.0,7.0,6.0,19.0,3.0,18.2,4.0,1.0,7.6,,,0.0,NEW ZEALAND,KERMADEC ISLANDS,-29.539,-176.34,1.2,24.0,,,,,,,,,,,,,,,,,,,,,,,,,,,
,2011.0,7.0,10.0,0.0,57.0,10.8,4.0,1.0,7.0,,,0.0,JAPAN,OFF EAST COAST OF HONSHU ISLAND,38.034,143.264,0.09,3.0,,,,,,,,,,,,,,,,,,,,,,,,,,,
,2011.0,8.0,20.0,16.0,55.0,2.5,4.0,1.0,7.1,,,0.0,VANUATU,VANUATU ISLANDS,-18.365,168.143,0.19,4.0,,,,,,,,,,,,,,,,,,,,,,,,,,,
,2011.0,8.0,20.0,18.0,19.0,23.5,4.0,1.0,7.0,,,0.0,VANUATU,VANUATU ISLANDS,-18.311,168.218,0.15,1.0,,,,,,,,,,,,,,,,,,,,,,,,,,,
,2011.0,9.0,2.0,10.0,55.0,53.5,4.0,1.0,6.8,,,0.0,USA,"FOX ISLANDS, ALEUTIAN ISLANDS, AK",52.171,-171.708,0.06,1.0,,,,,,,,,,,,,,,,,,,,,,,,,,,
,2011.0,10.0,21.0,17.0,57.0,16.1,4.0,1.0,7.4,,,0.0,NEW ZEALAND,KERMADEC ISLANDS,-28.993,-176.238,0.14,3.0,,,,,,,,,,,,,,,,,,,,,,,,,,,
,2012.0,2.0,2.0,13.0,34.0,40.6,4.0,1.0,7.0,,,0.0,VANUATU,VANUATU ISLANDS,-17.827,167.133,0.08,1.0,,,,,,,,,,,,,,,,,,,,,,,,,,,
,2012.0,2.0,6.0,3.0,49.0,12.5,4.0,1.0,6.7,,,0.0,PHILIPPINES,TANON STRAIT,9.999,123.206,5.0,32.0,,,,,,,,,,,,4.0,1.0,,,51.0,2.0,62.0,2.0,112.0,3.0,9.0,3.0,15000.0,4.0,,
,2012.0,3.0,9.0,7.0,9.0,50.9,4.0,1.0,6.7,,,0.0,VANUATU,OFF EAST COAST OF VANUATU,-19.125,169.613,0.05,3.0,,,,,,,,,,,,,,,,,,,,,,,,,,,
,2012.0,3.0,14.0,9.0,8.0,35.1,4.0,1.0,6.9,,,0.0,JAPAN,HOKKAIDO ISLAND,40.887,144.944,0.2,2.0,,,,,,,,,,,,,,,,,,,,,,,,,,,
,2012.0,3.0,20.0,18.0,2.0,47.4,4.0,1.0,7.4,,,0.0,MEXICO,S. MEXICO,16.493,-98.231,0.2,2.0,,,,,,,,,,,,,,,,2.0,1.0,,,13.0,1.0,600.0,4.0,800.0,3.0,,
,2012.0,4.0,11.0,8.0,38.0,36.7,4.0,1.0,8.6,,,0.0,INDONESIA,OFF W. COAST OF N SUMATRA,2.327,93.063,1.08,25.0,,,,,,,,,,,,,,,,10.0,1.0,,,12.0,1.0,,1.0,,,,2.0
,2012.0,4.0,11.0,10.0,43.0,10.8,4.0,1.0,8.2,,,0.0,INDONESIA,OFF W. COAST OF N SUMATRA,0.802,92.463,,4.0,,,,,,,,,,,,,,,,,,,,,,,,,,,
,2012.0,4.0,14.0,22.0,5.0,26.4,4.0,1.0,6.3,,,0.0,VANUATU,VANUATU ISLANDS,-18.972,168.741,,1.0,,,,,,,,,,,,,,,,,,,,,,,,,,,
,2012.0,8.0,27.0,4.0,37.0,19.4,4.0,1.0,7.3,,,0.0,EL SALVADOR,EL SALVADOR-NICARAGUA,12.139,-88.59,6.3,40.0,,,,,,,,40.0,1.0,,1.0,,,,,,,,,40.0,1.0,,1.0,,,,
,2012.0,8.0,31.0,12.0,47.0,33.3,4.0,1.0,7.6,,,0.0,PHILIPPINES,PHILIPPINE ISLANDS,10.811,126.638,0.15,18.0,,,,,,,,,,,,,,,,1.0,1.0,,,1.0,1.0,0.3,1.0,,1.0,,
,2012.0,9.0,5.0,14.0,42.0,7.8,4.0,1.0,7.6,,,0.0,COSTA RICA,COSTA RICA,10.085,-85.315,0.16,5.0,,,,,,,,,,,,,,,,2.0,1.0,,,20.0,1.0,45.0,4.0,,2.0,,
,2012.0,10.0,28.0,3.0,4.0,8.8,4.0,1.0,7.7,,,0.0,CANADA,BRITISH COLUMBIA,52.788,-132.101,12.98,178.0,,,,1.0,1.0,,,,,,,,,,,1.0,1.0,,,,,,,,,,
,2012.0,11.0,7.0,16.0,35.0,46.9,4.0,1.0,7.3,,,0.0,GUATEMALA,GUATEMALA,13.988,-91.895,0.35,7.0,,,,,,,,,,,,,,,,48.0,2.0,,,155.0,3.0,210.0,4.0,2769.0,4.0,7561.0,4.0
,2012.0,12.0,7.0,8.0,18.0,23.1,4.0,1.0,7.2,,,0.0,JAPAN,OFF EAST COAST OF HONSHU ISLAND,37.89,143.949,1.0,3.0,,,,,,,,,,,,,,,,,,,,11.0,1.0,,,,,,
,2013.0,2.0,6.0,1.0,12.0,25.8,4.0,1.0,7.9,,,0.0,SOLOMON ISLANDS,SANTA CRUZ ISLANDS,-10.766,165.114,11.0,124.0,,,,10.0,1.0,,,15.0,1.0,,3.0,588.0,3.0,478.0,3.0,10.0,1.0,,,15.0,1.0,36.0,4.0,588.0,3.0,478.0,3.0
,2013.0,2.0,8.0,15.0,26.0,38.5,4.0,1.0,7.0,,,0.0,SOLOMON ISLANDS,SANTA CRUZ ISLANDS,-10.928,166.018,0.09,1.0,,,,,,,,,,,,,,,,,,,,,,,,,,,
,2013.0,7.0,21.0,5.0,9.0,31.4,4.0,1.0,6.5,,,0.0,NEW ZEALAND,COOK STRAIT,-41.704,174.337,0.07,2.0,,,,,,,,,,,,,,,,,,,,5.0,1.0,50.0,4.0,,,35.0,1.0
,2013.0,8.0,16.0,2.0,31.0,5.8,4.0,1.0,6.5,,,0.0,NEW ZEALAND,WELLINGTON,-41.734,174.152,0.08,2.0,,,,,,,,,,,,,,,,,,,,,,,1.0,,,,2.0
,2013.0,9.0,25.0,16.0,42.0,43.2,4.0,1.0,7.1,,,0.0,PERU,S. PERU,-15.839,-74.511,0.09,1.0,,,,,,,,,,,,,,,,,,,,,,,1.0,,1.0,385.0,3.0
,2013.0,10.0,12.0,13.0,11.0,53.4,4.0,1.0,6.6,,,0.0,GREECE,CRETE,35.514,23.252,0.01,1.0,,,,,,,,,,,,,,,,,,,,1.0,1.0,,1.0,,,,1.0
,2013.0,10.0,25.0,17.0,10.0,19.7,4.0,1.0,7.1,,,0.0,JAPAN,E. COAST HONSHU ISLAND,37.156,144.661,0.4,9.0,,,,,,,,,,,,,,,,,,,,1.0,1.0,,,,,,
,2013.0,11.0,17.0,9.0,4.0,55.5,4.0,1.0,7.7,,,0.0,ANTARCTICA,SCOTIA SEA,-60.274,-46.401,0.15,2.0,,,,,,,,,,,,,,,,,,,,,,,,,,,
,2014.0,3.0,16.0,21.0,16.0,29.6,4.0,1.0,6.7,,,0.0,CHILE,NORTHERN CHILE,-19.981,-70.702,0.26,7.0,,,,,,,,,,,,,,,,,,,,,,,1.0,,,,
,2014.0,4.0,1.0,23.0,46.0,47.3,4.0,1.0,8.2,,,0.0,CHILE,NORTHERN CHILE,-19.61,-70.769,4.63,205.0,,,,,,,,,,,1.0,,,,,7.0,1.0,,,,,100.0,4.0,,,2600.0,4.0
,2014.0,4.0,3.0,2.0,43.0,13.1,4.0,1.0,7.7,,,0.0,CHILE,NORTHERN CHILE,-20.571,-70.493,0.74,5.0,,,,,,,,,,,,,,,,,,,,,,,,,,,
,2014.0,4.0,12.0,20.0,14.0,39.3,4.0,1.0,7.6,,,0.0,SOLOMON ISLANDS,SOLOMON ISLANDS,-11.27,162.148,0.05,8.0,,,,,,,,,,,,,,,,,,,,,,,,,,,
,2014.0,4.0,13.0,12.0,36.0,19.2,4.0,1.0,7.4,,,0.0,SOLOMON ISLANDS,SOLOMON ISLANDS,-11.463,162.051,0.16,9.0,,,,,,,,,,,,,,,,,,,,,,,,,,,
,2014.0,4.0,18.0,14.0,27.0,24.9,4.0,1.0,7.2,,,0.0,MEXICO,S. MEXICO,17.397,-100.972,0.43,3.0,,,,,,,,,,,,,,,,,,,,,,49.5,4.0,,,127.0,2.0
,2014.0,4.0,19.0,13.0,29.0,21.0,4.0,1.0,7.5,,,0.0,PAPUA NEW GUINEA,SOLOMON SEA,-6.755,155.024,0.11,1.0,,,,,,,,,,,,,,,,,,,,,,,,,,,
,2014.0,5.0,24.0,9.0,25.0,2.4,4.0,1.0,6.9,,,0.0,GREECE,NORTH AEGEAN SEA,40.289,25.389,0.16,1.0,,,,,,,,,,,,,,,,3.0,1.0,,,310.0,3.0,4500.0,4.0,,1.0,,2.0
,2014.0,6.0,23.0,19.0,19.0,15.9,4.0,1.0,6.9,,,0.0,NEW ZEALAND,"S OF RAOUL ISLAND, KERMADEC ISLANDS",-29.977,-177.725,0.13,5.0,,,,,,,,,,,,,,,,,,,,,,,,,,,
,2014.0,6.0,23.0,20.0,53.0,9.7,4.0,1.0,7.9,,,0.0,USA,"ALEUTIAN ISLANDS, AK",51.849,178.735,0.17,20.0,,,,,,,,,,,,,,,,,,,,,,,,,,,
,2014.0,7.0,11.0,19.0,23.0,0.8,4.0,1.0,6.5,,,0.0,JAPAN,SANRIKU,37.005,142.453,0.2,6.0,,,,,,,,,,,,,,,,,,,,,1.0,,1.0,,,,
,2014.0,7.0,25.0,10.0,54.0,50.4,4.0,1.0,6.0,,,0.0,USA,"PALMA BAY, AK",58.335,-136.971,0.08,1.0,,,,,,,,,,,,,,,,,,,,,,,,,,,
,2014.0,10.0,9.0,2.0,14.0,31.4,4.0,1.0,7.0,,,0.0,CHILE,EASTER ISLAND REGION,-32.108,-110.811,0.47,5.0,,,,,,,,,,,,,,,,,,,,,,,,,,,
,2014.0,10.0,14.0,3.0,51.0,34.5,4.0,1.0,7.3,,,0.0,EL SALVADOR,GULF OF FONSECA,12.526,-88.123,0.02,2.0,,,,,,,,,,,,,,,,1.0,1.0,,,,,,1.0,5.0,1.0,41.0,1.0
,2014.0,11.0,15.0,2.0,31.0,41.7,4.0,1.0,7.1,,,0.0,INDONESIA,N. MOLUCCAS ISLANDS,1.893,126.522,0.09,3.0,,,,,,,,,,,,,,,,,,,,,,,1.0,,,,
,2015.0,2.0,16.0,23.0,6.0,28.3,4.0,1.0,6.7,,,0.0,JAPAN,HONSHU,39.856,142.881,0.27,3.0,,,,,,,,,,,,,,,,,,,,,,,,,,,
,2015.0,2.0,19.0,13.0,18.0,32.8,4.0,1.0,6.4,,,0.0,VANUATU,VANUATU ISLANDS,-16.431,168.148,8.0,6.0,,,,,,,,,,,1.0,,,,,,,,,,,,1.0,,,,1.0
,2015.0,3.0,29.0,23.0,48.0,31.0,4.0,1.0,7.5,,,0.0,PAPUA NEW GUINEA,BISMARCK SEA,-4.729,152.562,0.5,2.0,,,,,,,,,,,,,,,,,,,,,,,,,,,
,2015.0,7.0,10.0,4.0,12.0,42.5,4.0,1.0,6.7,,,0.0,SOLOMON ISLANDS,SOLOMON ISLANDS,-9.307,158.403,0.01,1.0,,,,,,,,,,,,,,,,,,,,,,,,,,,
,2015.0,7.0,18.0,2.0,27.0,33.8,4.0,1.0,7.0,,,0.0,SOLOMON ISLANDS,SANTA CRUZ ISLANDS,-10.401,165.141,0.09,5.0,,,,,,,,,,,,,,,,,,,,,,,,,,,
,2015.0,7.0,27.0,4.0,49.0,46.4,4.0,1.0,6.9,,,0.0,USA,"FOX ISLANDS, ALEUTIAN ISLANDS, AK",52.376,-169.446,0.08,2.0,,,,,,,,,,,,,,,,,,,,,,,,,,,
,2015.0,9.0,16.0,22.0,54.0,32.9,4.0,1.0,8.3,,,1.0,CHILE,CENTRAL CHILE,-31.573,-71.674,13.6,1263.0,,8.4,,8.0,1.0,,,,,,1.0,,,,,15.0,1.0,1.0,1.0,14.0,1.0,600.0,4.0,2305.0,4.0,10044.0,4.0
,2015.0,11.0,11.0,1.0,54.0,38.6,4.0,1.0,6.9,,,0.0,CHILE,CENTRAL CHILE,-29.507,-72.007,0.55,2.0,,,,,,,,,,,,,,,,,,,,,,,,,,,
,2015.0,11.0,13.0,20.0,51.0,31.0,4.0,1.0,6.7,,,0.0,JAPAN,JAPAN,31.001,128.873,0.3,1.0,,,,,,,,,,,,,,,,,,,,,,,,,,,
,2015.0,11.0,18.0,18.0,31.0,4.6,4.0,1.0,6.8,,,0.0,SOLOMON ISLANDS,SOLOMON ISLANDS,-8.899,158.422,0.1,1.0,,,,,,,,,,,,,,,,,,,,,,,,,,,
,2016.0,1.0,25.0,4.0,22.0,2.7,4.0,1.0,6.3,,,0.0,MOROCCO,MOROCCO,35.649,-3.682,0.02,2.0,,,,,,,,,,,,,,,,1.0,1.0,,,26.0,1.0,,1.0,,1.0,,1.0
,2016.0,3.0,2.0,12.0,49.0,48.1,4.0,1.0,7.8,,,0.0,INDONESIA,SW. SUMATRA,-4.952,94.33,0.21,13.0,,,,,,,,,,,,,,,,,,,,,,,,,,,
,2016.0,4.0,16.0,23.0,58.0,37.0,4.0,1.0,7.8,,,0.0,ECUADOR,OFF COAST,0.382,-79.922,0.6,7.0,,,,,,,,,,,,,,,,663.0,3.0,9.0,1.0,6274.0,4.0,3300.0,4.0,6998.0,4.0,29672.0,4.0
,2016.0,8.0,12.0,1.0,26.0,36.3,4.0,1.0,7.2,,,0.0,NEW CALEDONIA,LOYALTY ISLANDS,-22.477,173.117,0.19,1.0,,,,,,,,,,,,,,,,,,,,,,,,,,,
,2016.0,8.0,20.0,9.0,1.0,26.2,4.0,1.0,6.0,,,0.0,JAPAN,SANRIKU,40.394,143.68,0.01,0.0,,,,,,,,,,,,,,,,,,,,,,,,,,,
,2016.0,9.0,1.0,16.0,37.0,57.3,4.0,1.0,7.0,,,0.0,NEW ZEALAND,GISBORNE,-37.359,179.146,0.21,4.0,,,,,,,,,,,,,,,,,,,,,,,,,,,
,2016.0,11.0,13.0,11.0,2.0,56.3,4.0,1.0,7.8,,,1.0,NEW ZEALAND,OFF EAST COAST OF SOUTH ISLAND,-42.737,173.054,6.5,17.0,,,,,,,,,,,1.0,1.0,1.0,,,2.0,1.0,,,,2.0,3900.0,4.0,,1.0,,1.0
,2016.0,11.0,21.0,20.0,59.0,49.3,4.0,1.0,6.9,,,0.0,JAPAN,E. COAST HONSHU ISLAND,37.393,141.387,1.44,44.0,,,,,,,,,,,1.0,,,,,,,,,,1.0,,1.0,,,,
,2016.0,11.0,24.0,18.0,43.0,47.7,4.0,1.0,6.9,,,0.0,NICARAGUA,NICARAGUA,11.91,-88.897,0.08,3.0,,,,,,,,,,,,,,,,,,,,,,,,,,,
,2016.0,12.0,8.0,17.0,38.0,46.3,4.0,1.0,7.8,,,0.0,SOLOMON ISLANDS,SOLOMON ISLANDS,-10.681,161.327,0.43,13.0,,,,,,,,,,,,,,,,1.0,1.0,,,,,,1.0,191.0,3.0,126.0,3.0
,2016.0,12.0,9.0,19.0,10.0,6.8,4.0,1.0,6.9,,,0.0,SOLOMON ISLANDS,SOLOMON ISLANDS,-10.749,161.132,0.05,5.0,,,,,,,,,,,,,,,,,,,,,,,,,,,
,2016.0,12.0,17.0,10.0,51.0,10.5,4.0,1.0,7.9,,,0.0,PAPUA NEW GUINEA,SOLOMON SEA,-4.505,153.522,0.08,5.0,,,,,,,,,,,,,,,,,,,,,,,,,,,
,2016.0,12.0,25.0,14.0,22.0,27.0,4.0,1.0,7.6,,,0.0,CHILE,SOUTHERN CHILE,-43.406,-73.941,0.44,4.0,,,,,,,,,,,,,,,,,,,,,,,1.0,,,,
,2017.0,1.0,3.0,21.0,52.0,30.7,4.0,1.0,6.9,,,0.0,FIJI,FIJI ISLANDS,-19.373,176.052,0.07,2.0,,,,,,,,,,,,,,,,,,,,,,,,,,,
,2017.0,1.0,22.0,4.0,30.0,23.0,4.0,1.0,7.9,,,0.0,PAPUA NEW GUINEA,BOUGAINVILLE ISLAND,-6.246,155.172,0.04,1.0,,,,,,,,,,,,,,,,3.0,1.0,,,,,,1.0,,3.0,,
,2017.0,4.0,24.0,21.0,38.0,30.8,4.0,1.0,6.9,,,0.0,CHILE,CENTRAL CHILE,-33.038,-72.062,0.16,4.0,,,,,,,,,,,,,,,,,,,,,,,,,,,
,2017.0,4.0,28.0,20.0,23.0,17.3,4.0,1.0,6.9,,,0.0,PHILIPPINES,"SOCCSKSARGEN, PHILIPPINES",5.504,125.066,0.2,1.0,,,,,,,,2.0,1.0,,,,,,,,,,,7.0,1.0,,1.0,1.0,1.0,,1.0
,2017.0,5.0,1.0,12.0,31.0,3.0,4.0,1.0,6.2,,,0.0,USA,"SKAGWAY, AK",59.821,-136.711,0.06,1.0,,,,,,,,,,,,,,,,,,,,,,,,,,,
,2017.0,6.0,12.0,12.0,28.0,39.2,4.0,1.0,6.3,,,0.0,GREECE,LESBOS,38.93,26.365,0.2,2.0,,,,,,,,,,,,,,,,1.0,1.0,,,15.0,1.0,,2.0,10.0,1.0,250.0,3.0
,2017.0,7.0,17.0,23.0,34.0,13.7,4.0,1.0,7.7,,,0.0,RUSSIA,BERING ISLAND,54.443,168.857,0.1,1.0,,,,,,,,,,,,,,,,,,,,,,,,,,,
,2017.0,7.0,20.0,22.0,31.0,11.3,4.0,1.0,6.6,,,0.0,TURKEY,GULF OF GÖKOVA,36.929,27.414,1.9,40.0,,,,,,,,,,,1.0,,,,,2.0,1.0,,,500.0,3.0,,2.0,,1.0,,1.0
,2017.0,9.0,8.0,4.0,49.0,19.2,4.0,1.0,8.2,,,1.0,MEXICO,S. MEXICO,15.022,-93.899,2.7,68.0,,,,,,,,,,,1.0,,,,,98.0,2.0,,,251.0,3.0,4000.0,4.0,47468.0,4.0,94027.0,4.0
,2017.0,10.0,31.0,0.0,42.0,8.7,4.0,1.0,6.7,,,0.0,NEW CALEDONIA,LOYALTY ISLANDS,-21.697,169.149,0.15,4.0,,,,,,,,,,,,,,,,,,,,,,,,,,,
,2017.0,11.0,1.0,2.0,23.0,57.7,4.0,1.0,6.6,,,0.0,NEW CALEDONIA,LOYALTY ISLANDS,-21.648,168.859,0.1,4.0,,,,,,,,,,,,,,,,,,,,,,,,,,,
,2017.0,11.0,19.0,9.0,25.0,48.7,4.0,1.0,6.3,,,0.0,NEW CALEDONIA,LOYALTY ISLANDS,-21.638,168.673,0.05,1.0,,,,,,,,,,,,,,,,,,,,,,,,,,,
,2017.0,11.0,19.0,15.0,9.0,2.9,4.0,1.0,6.6,,,0.0,NEW CALEDONIA,LOYALTY ISLANDS,-21.503,168.598,0.08,1.0,,,,,,,,,,,,,,,,,,,,,,,,,,,
,2017.0,11.0,19.0,22.0,43.0,29.3,4.0,1.0,7.0,,,0.0,NEW CALEDONIA,LOYALTY ISLANDS,-21.325,168.672,0.37,6.0,,,,,,,,,,,,,,,,,,,,,,,,,,,
,2018.0,1.0,10.0,2.0,51.0,33.3,4.0,1.0,7.5,,,0.0,HONDURAS,OFF COAST OF HONDURAS,17.483,-83.52,0.4,8.0,,,,,,,,,,,,,,,,,,,,,,,1.0,,,7.0,1.0
,2018.0,1.0,14.0,9.0,18.0,45.5,4.0,1.0,7.1,,,0.0,PERU,S. PERU,-15.768,-74.709,0.15,4.0,,,,,,,,,,,,,,,,,,,,,,,,,,,
,2018.0,1.0,23.0,9.0,31.0,40.9,4.0,1.0,7.9,,,0.0,USA,"KODIAK ISLAND, AK",56.004,-149.166,0.25,64.0,,,,,,,,,,,,,,,,,,,,,,,1.0,,,,
,2018.0,5.0,6.0,6.0,3.0,59.3,4.0,1.0,5.4,7541.0,,0.0,JAPAN,S. OF HONSHU ISLAND,31.444,140.193,0.15,1.0,,,,,,,,,,,,,,,,,,,,,,,,,,,
,2018.0,8.0,5.0,11.0,46.0,38.6,4.0,1.0,6.9,,,0.0,INDONESIA,BALI SEA,-8.258,116.438,2.0,6.0,,,,,,,,,,,,,,,,560.0,3.0,,,7733.0,4.0,509.0,4.0,,3.0,83392.0,4.0
,2018.0,8.0,19.0,0.0,19.0,40.7,4.0,1.0,8.2,,,0.0,FIJI,FIJI ISLANDS,-18.113,-178.153,,0.0,,,,,,,,,,,,,,,,,,,,,,,,,,,
,2018.0,8.0,29.0,3.0,51.0,56.1,4.0,1.0,7.1,,,0.0,NEW CALEDONIA,LOYALTY ISLANDS,-22.03,170.126,0.27,8.0,,,,,,,,,,,,,,,,,,,,,,,,,,,
,2018.0,10.0,16.0,1.0,3.0,43.6,4.0,1.0,6.5,,,0.0,NEW CALEDONIA,LOYALTY ISLANDS,-21.743,169.522,0.05,1.0,,,,,,,,,,,,,,,,,,,,,,,,,,,
,2018.0,10.0,25.0,22.0,54.0,52.6,4.0,1.0,6.8,,,0.0,GREECE,IONIAN SEA,37.52,20.557,1.5,12.0,,,,,,,,,,,,,,,,,,,,3.0,1.0,,2.0,,,120.0,3.0
,2018.0,12.0,5.0,4.0,18.0,8.4,4.0,1.0,7.5,,,0.0,NEW CALEDONIA,LOYALTY ISLANDS,-21.95,169.427,4.0,35.0,,,,,,,,,,,1.0,,,,1.0,,,,,,,,1.0,,,,1.0
,2019.0,6.0,14.0,0.0,19.0,12.0,4.0,1.0,6.4,,,0.0,CHILE,CENTRAL CHILE,-30.056,-72.082,0.07,1.0,,,,,,,,,,,,,,,,,,,,,,,,,,,
,2019.0,6.0,15.0,22.0,55.0,2.0,4.0,1.0,7.2,,,0.0,NEW ZEALAND,"S OF RAOUL ISLAND, KERMADEC ISLANDS",-30.805,-178.095,0.14,10.0,,,,,,,,,,,,,,,,,,,,,,,,,,,
,2019.0,6.0,18.0,13.0,22.0,19.0,4.0,1.0,6.4,,,0.0,JAPAN,NIIGATA,38.646,139.472,0.11,8.0,,,,,,,,,,,,,,,,,,,,28.0,1.0,,2.0,,,144.0,3.0
,2019.0,11.0,14.0,16.0,17.0,40.0,4.0,1.0,7.1,,,0.0,INDONESIA,N. MOLUCCAS ISLANDS,1.6,126.416,0.11,8.0,,,,,,,,,,,,,,,,1.0,1.0,,,33.0,1.0,,1.0,,,30.0,1.0
,2020.0,1.0,7.0,8.0,24.0,27.4,4.0,1.0,6.4,,,0.0,USA TERRITORY,PUERTO RICO,17.958,-66.811,0.06,6.0,,,,,,,,,,,,,,,,4.0,1.0,,,,1.0,800.0,4.0,300.0,3.0,1390.0,4.0
,2020.0,1.0,28.0,19.0,10.0,24.9,4.0,1.0,7.7,,,0.0,CUBA,OFF SE COAST OF CUBA,19.419,-78.756,0.11,2.0,,,,,,,,,,,,,,,,,,,,,,,2.0,1.0,1.0,,3.0
,2020.0,3.0,25.0,2.0,49.0,21.2,4.0,1.0,7.5,,,0.0,RUSSIA,N. KURIL ISLANDS,48.964,157.696,0.25,16.0,,,,,,,,,,,,,,,,,,,,,,,,,,,
,2020.0,5.0,2.0,12.0,51.0,5.6,4.0,1.0,6.6,,,0.0,GREECE,CRETE,34.182,25.71,0.95,15.0,,,,,,,,,,,,,,,,,,,,,,,,,,,
,2020.0,6.0,18.0,12.0,49.0,53.8,4.0,1.0,7.4,,,0.0,NEW ZEALAND,"S OF RAOUL ISLAND, KERMADEC ISLANDS",-33.293,-177.857,0.11,4.0,,,,,,,,,,,,,,,,,,,,,,,,,,,
,2020.0,6.0,23.0,15.0,29.0,4.4,4.0,1.0,7.4,,,0.0,MEXICO,OFF COAST OF OAXACA,15.886,-96.008,1.57,9.0,,,,,,,,,,,,,,,,10.0,1.0,,,24.0,1.0,,4.0,,,8123.0,4.0
,2020.0,7.0,22.0,6.0,12.0,44.8,4.0,1.0,7.8,,,0.0,USA,"SHUMAGIN ISLANDS, AK",55.072,-158.596,0.24,13.0,,,,,,,,,,,,,,,,,,,,,,,1.0,,,,
,2020.0,10.0,19.0,20.0,54.0,39.0,4.0,1.0,7.6,,,0.0,USA,"SHUMAGIN ISLANDS, AK",54.602,-159.626,0.76,33.0,,,,,,,,,,,,,,,,,,,,,,,,,,,
,2020.0,10.0,30.0,11.0,51.0,27.3,4.0,1.0,7.0,,,0.0,TURKEY,AEGEAN SEA,37.897,26.784,5.3,268.0,,,,1.0,1.0,,,,1.0,,2.0,,,,1.0,118.0,3.0,,,1054.0,4.0,400.0,4.0,,4.0,,4.0
,2020.0,12.0,27.0,21.0,39.0,14.8,4.0,1.0,6.7,,,0.0,CHILE,CENTRAL CHILE,-39.34,-74.985,0.16,1.0,,,,,,,,,,,,,,,,,,,,,,,,,,,
,2021.0,1.0,23.0,23.0,36.0,50.0,4.0,1.0,6.9,,,0.0,ANTARCTICA,SCOTIA SEA,-61.825,-55.494,0.04,2.0,,,,,,,,,,,,,,,,,,,,,,,,,,,
,2021.0,2.0,10.0,13.0,19.0,55.0,4.0,1.0,7.7,,,0.0,NEW CALEDONIA,LOYALTY ISLANDS,-23.054,171.601,0.78,40.0,,,,,,,,,,,,,,,,,,,,,,,,,,,
,2021.0,2.0,13.0,14.0,7.0,50.0,4.0,1.0,7.1,,,0.0,JAPAN,OFF FUKUSHIMA PREFECTURE,37.745,141.749,0.1,4.0,,,,,,,,,,,,,,,,1.0,1.0,,,186.0,3.0,7700.0,4.0,798.0,3.0,19758.0,4.0
,2021.0,3.0,4.0,13.0,27.0,36.0,4.0,1.0,7.3,,,0.0,NEW ZEALAND,GISBORNE,-37.563,179.444,0.28,9.0,,,,,,,,,,,,,,,,,,,,,,,,,,,
,2021.0,3.0,4.0,17.0,41.0,25.0,4.0,1.0,7.4,,,0.0,NEW ZEALAND,"S OF RAOUL ISLAND, KERMADEC ISLANDS",-29.613,-177.843,0.31,11.0,,,,,,,,,,,,,,,,,,,,,,,,,,,
,2021.0,3.0,4.0,19.0,28.0,31.0,4.0,1.0,8.1,,,0.0,NEW ZEALAND,"S OF RAOUL ISLAND, KERMADEC ISLANDS",-29.74,-177.267,1.0,174.0,,,,,,,,,,,,,,,,,,,,,,,,,,,
,2021.0,3.0,18.0,0.0,4.0,6.0,4.0,1.0,6.0,,,0.0,ALGERIA,N. ALGERIA,36.915,5.199,0.05,5.0,,,,,,,,,,,,,,,,,,,,17.0,1.0,,1.0,,,,1.0
,2021.0,7.0,29.0,6.0,15.0,47.0,4.0,1.0,8.2,,,0.0,USA,"KODIAK ISLAND, AK",55.325,-157.841,0.42,63.0,,,,,,,,,,,,,,,,,,,,,,,,,,,
,2021.0,8.0,11.0,17.0,46.0,14.0,4.0,1.0,7.1,,,0.0,PHILIPPINES,"MINDANAO ISLAND, PHILIPPINES",6.455,126.742,0.05,2.0,,,,,,,,,,,,,,,,1.0,1.0,,,,,,,,,,
,2021.0,8.0,12.0,18.0,35.0,20.0,4.0,1.0,8.1,,,0.0,UK TERRITORY,SOUTHERN ATLANTIC OCEAN,-58.416,-25.321,0.64,88.0,,,,,,,,,,,,,,,,,,,,,,,,,,,
,2021.0,8.0,14.0,12.0,29.0,8.0,4.0,1.0,7.2,,,0.0,HAITI,PORT-AU-PRINCE,18.408,-73.475,,3.0,,,,,,,,,,,,,,,,2248.0,4.0,329.0,3.0,12763.0,4.0,1600.0,4.0,53815.0,4.0,83770.0,4.0
,2021.0,9.0,8.0,1.0,47.0,47.0,4.0,1.0,7.0,,,0.0,MEXICO,S. MEXICO,16.982,-99.773,0.48,1.0,,,,,,,,,,,,,,,,3.0,1.0,,,,1.0,200.0,4.0,,,7317.0,4.0
,2021.0,12.0,14.0,3.0,20.0,24.0,4.0,1.0,7.3,,,0.0,INDONESIA,FLORES SEA,-7.603,122.2,0.6,7.0,,,,,,,,,,,1.0,1.0,1.0,1.0,1.0,,,,,98.0,2.0,,2.0,470.0,3.0,266.0,3.0
,2022.0,1.0,29.0,2.0,46.0,39.6,4.0,1.0,6.5,,,0.0,NEW ZEALAND,KERMADEC ISLANDS,-29.564,-176.722,0.1,1.0,,,,,,,,,,,,,,,,,,,,,,,,,,,
,2022.0,3.0,16.0,14.0,36.0,31.0,4.0,1.0,7.3,,,0.0,JAPAN,OFF FUKUSHIMA PREFECTURE,37.713,141.579,0.31,11.0,,,,,,,,,,,,,,,,4.0,1.0,,,247.0,3.0,8800.0,4.0,217.0,3.0,56718.0,4.0
,2022.0,3.0,30.0,20.0,56.0,58.1,4.0,1.0,6.9,,,0.0,NEW CALEDONIA,LOYALTY ISLANDS,-22.666,170.366,0.07,3.0,,,,,,,,,,,,,,,,,,,,,,,,,,,
,2022.0,3.0,31.0,5.0,44.0,1.1,4.0,1.0,7.0,,,0.0,NEW CALEDONIA,LOYALTY ISLANDS,-22.586,170.374,0.05,1.0,,,,,,,,,,,,,,,,,,,,,,,,,,,
,2022.0,7.0,27.0,0.0,43.0,26.9,4.0,1.0,7.0,,,0.0,PHILIPPINES,N. LUZON ISLAND,17.521,120.818,0.08,1.0,,,,,,,,,,,,,,,,11.0,1.0,,,609.0,3.0,48.48,4.0,856.0,3.0,35924.0,4.0
,2022.0,9.0,19.0,18.0,5.0,8.2,4.0,1.0,7.6,,,0.0,MEXICO,MEXICO,18.455,-102.956,0.79,14.0,,,,,,,,,,,,,,,,2.0,1.0,,,10.0,1.0,25.0,4.0,800.0,3.0,6084.0,4.0
,2022.0,11.0,11.0,10.0,48.0,46.7,4.0,1.0,7.3,,,0.0,TONGA,TONGA ISLANDS,-19.288,-172.147,0.12,4.0,,,,,,,,,,,,,,,,,,,,,,,,,,,
,2022.0,11.0,18.0,13.0,37.0,8.0,4.0,1.0,6.9,,,0.0,INDONESIA,SW. SUMATRA,-4.904,100.786,0.25,4.0,,,,,,,,,,,,,,,,,,,,,,,,,,,
,2022.0,11.0,22.0,2.0,3.0,6.9,4.0,1.0,7.0,,,0.0,SOLOMON ISLANDS,SOLOMON ISLANDS,-9.82,159.603,0.03,1.0,,,,,,,,,,,,,,,,,,,,3.0,1.0,,2.0,,1.0,,
,2022.0,11.0,30.0,10.0,48.0,0.1,4.0,1.0,5.3,,,0.0,NEW ZEALAND,"LAKE TAUPO, NORTH ISLAND",-38.81,175.915,1.0,4.0,,,,,,,,,,,1.0,,,,,,,,,,,,1.0,,,,
,2023.0,1.0,9.0,17.0,47.0,35.0,4.0,1.0,7.6,,,0.0,INDONESIA,SOUTH MALUKU,-7.049,130.038,0.09,2.0,,,,,,,,,,,,,,,,1.0,1.0,,,11.0,1.0,,2.0,37.0,1.0,327.0,3.0
,2023.0,2.0,6.0,1.0,17.0,35.0,4.0,1.0,7.8,,,0.0,TURKEY,GULF OF ISKENDERUN,37.166,37.042,0.3,17.0,,,,,,,,,,,1.0,,,,,56697.0,4.0,,,119200.0,4.0,42900.0,4.0,542461.0,4.0,1474182.0,4.0
,2023.0,3.0,16.0,0.0,56.0,2.0,4.0,1.0,7.0,,,0.0,KERMADEC ISLANDS,"SE RAOUL ISLAND, KERMADEC ISLANDS",-30.115,-176.112,0.11,2.0,,,,,,,,,,,,,,,,,,,,,,,,,,,
,2023.0,4.0,24.0,0.0,41.0,55.0,4.0,1.0,7.1,,,0.0,NEW ZEALAND,"S OF RAOUL ISLAND, KERMADEC ISLANDS",-29.968,-177.826,0.11,3.0,,,,,,,,,,,,,,,,,,,,,,,,,,,
,2023.0,4.0,24.0,20.0,0.0,57.0,4.0,1.0,7.1,,,0.0,INDONESIA,SW. SUMATRA,-0.799,98.524,0.11,1.0,,,,,,,,,,,,,,,,,,,,,,,1.0,,,,
,2023.0,5.0,5.0,5.0,42.0,4.0,4.0,1.0,6.2,,,0.0,JAPAN,"NOTO PENINSULA, JAPAN",37.54,137.305,0.1,2.0,,,,,,,,,,,,,,,,1.0,1.0,,,34.0,1.0,,2.0,3.0,1.0,351.0,3.0
,2023.0,5.0,19.0,2.0,57.0,6.0,4.0,1.0,7.7,,,0.0,NEW CALEDONIA,LOYALTY ISLANDS,-23.229,170.694,0.61,27.0,,,,,,,,,,,,,,,,,,,,,,,,,,,
,2023.0,5.0,20.0,1.0,51.0,1.0,4.0,1.0,7.1,,,0.0,NEW CALEDONIA,LOYALTY ISLANDS,-23.062,170.456,0.14,4.0,,,,,,,,,,,,,,,,,,,,,,,,,,,
,2023.0,7.0,16.0,6.0,48.0,22.0,4.0,1.0,7.2,,,0.0,USA,"SAND POINT, AK",54.46,-160.76,0.15,3.0,,,,1.0,1.0,,,,,,,,,,,1.0,1.0,,,,,,,,,,
,2023.0,10.0,5.0,1.0,59.0,58.0,4.0,1.0,6.1,,,0.0,JAPAN,"IZU ISLANDS, JAPAN",29.94,139.95,0.2,1.0,,,,,,,,,,,,,,,,,,,,,,,,,,,
,2023.0,10.0,6.0,1.0,31.0,17.0,4.0,1.0,6.1,,,0.0,JAPAN,"IZU ISLANDS, JAPAN",30.141,139.968,0.08,4.0,,,,,,,,,,,,,,,,,,,,,,,,,,,
,2023.0,11.0,22.0,4.0,47.0,33.0,4.0,1.0,6.7,,,0.0,VANUATU,VANUATU ISLANDS,-14.985,167.983,0.06,1.0,,,,,,,,,,,,,,,,,,,,,,,,,,,
,2023.0,12.0,2.0,14.0,37.0,3.0,4.0,1.0,7.6,,,0.0,PHILIPPINES,E. MINDANAO ISLAND,8.527,126.449,0.32,52.0,,,,,,,,,,,,,,,,3.0,1.0,,,79.0,2.0,22.6,3.0,390.0,3.0,8315.0,4.0
,2023.0,12.0,7.0,12.0,56.0,30.0,4.0,1.0,7.1,,,0.0,VANUATU,VANUATU ISLANDS,-20.659,169.206,0.08,3.0,,,,,,,,,,,,,,,,,,,,,,,,,,,
,2024.0,4.0,2.0,23.0,58.0,12.0,4.0,1.0,7.4,,,0.0,TAIWAN,E. TAIWAN-RYUKYU ISLANDS,23.836,121.598,1.0,12.0,,,,,,,,,,,,,,,,18.0,1.0,,,1155.0,4.0,2500.0,4.0,111.0,3.0,1939.0,4.0
,2024.0,6.0,28.0,5.0,36.0,37.0,4.0,1.0,7.2,,,0.0,PERU,S. PERU,-15.811,-74.445,0.2,3.0,,,,,,,,,,,,,,,,,,,,42.0,1.0,,2.0,21.0,1.0,3000.0,4.0
,2024.0,8.0,8.0,7.0,42.0,55.0,4.0,1.0,7.1,,,0.0,JAPAN,HYUGANADA SEA,31.719,131.527,0.5,21.0,,,,,,,,,,,,,,,,,,,,14.0,1.0,,1.0,1.0,1.0,2.0,1.0
,2024.0,8.0,17.0,19.0,10.0,26.0,4.0,1.0,7.0,7571.0,,0.0,RUSSIA,KAMCHATKA,52.924,160.141,0.0,1.0,,,,,,,,,,,,,,,,,,,,,,,,,,,
,2024.0,9.0,23.0,23.0,14.0,19.0,4.0,1.0,5.6,,,0.0,JAPAN,"IZU ISLANDS, JAPAN",31.546,140.064,0.5,12.0,,,,,,,,,,,,,,,,,,,,,,,,,,,
,2024.0,12.0,5.0,18.0,44.0,21.0,4.0,1.0,7.0,,,0.0,USA,"CAPE MENDOCINO, N. CALIFORNIA",40.374,-125.022,0.09,3.0,,,,,,,,,,,,,,,,,,,,,,,,,,,
,2024.0,12.0,17.0,1.0,47.0,26.0,4.0,1.0,7.3,,,0.0,VANUATU,VANUATU ISLANDS,-17.686,168.034,0.25,2.0,,,,,,,,,,,,,,,,14.0,1.0,,,265.0,3.0,100.0,4.0,,,570.0,3.0
,2025.0,1.0,13.0,12.0,19.0,32.0,4.0,1.0,6.8,,,0.0,JAPAN,HYUGANADA SEA,31.806,131.565,0.23,9.0,,,,,,,,,,,,,,,,,,,,,,,,,,,
,2025.0,2.0,8.0,23.0,23.0,14.0,4.0,1.0,7.6,,,0.0,HONDURAS,NORTH OF HONDURAS,17.702,-82.456,0.04,1.0,,,,,,,,,,,,,,,,,,,,,,,,,,,
,2025.0,3.0,25.0,1.0,43.0,12.0,4.0,1.0,6.7,,,0.0,NEW ZEALAND,PUYSEGUR TRENCH,-46.708,165.933,0.1,1.0,,,,,,,,,,,,,,,,,,,,,,,,,,,
,2025.0,3.0,30.0,12.0,18.0,47.0,4.0,1.0,7.0,,,0.0,TONGA,TONGA,-20.329,-173.907,0.05,2.0,,,,,,,,,,,,,,,,,,,,,,,,,,,
,2025.0,4.0,23.0,9.0,49.0,10.0,4.0,1.0,6.2,,,0.0,TURKEY,MARMARA SEA,40.84,28.142,0.06,5.0,,,,,,,,,,,,,,,,,,,,236.0,3.0,100.0,4.0,,,,
,2025.0,4.0,25.0,11.0,44.0,55.0,4.0,1.0,6.3,,,0.0,ECUADOR,ECUADOR,1.105,-79.535,0.42,1.0,,,,,,,,,,,,,,,,,,,,49.0,1.0,,2.0,,,2715.0,4.0
,2025.0,5.0,2.0,12.0,58.0,26.0,4.0,1.0,7.4,,,0.0,CHILE,SOUTHERN CHILE,-56.782,-68.209,0.14,3.0,,,,,,,,,,,,,,,,,,,,,,,,,,,
,2025.0,5.0,22.0,3.0,19.0,35.0,4.0,1.0,6.2,,,0.0,GREECE,ISLAND OF CRETE,35.811,25.858,0.05,1.0,,,,,,,,,,,,,,,,,,,,,,,,,,,
,2025.0,7.0,16.0,20.0,37.0,39.0,4.0,1.0,7.3,,,0.0,USA,"SAND POINT, AK",54.549,-160.472,0.1,2.0,,,,,,,,,,,,,,,,,,,,,,,,,,,
,2025.0,7.0,29.0,23.0,24.0,52.0,4.0,1.0,8.8,7582.0,,0.0,RUSSIA,"KAMCHATKA PENINSULA, RUSSIA",52.512,160.324,17.0,927.0,,,,1.0,1.0,,,13.0,1.0,,2.0,,,,,1.0,1.0,,,13.0,1.0,10.0,3.0,,,,
,2025.0,8.0,22.0,2.0,16.0,19.0,4.0,1.0,7.5,,,0.0,ANTARCTICA,DRAKE PASSAGE,-60.186,-61.821,0.17,5.0,,,,,,,,,,,,,,,,,,,,,,,,,,,
,2025.0,9.0,13.0,2.0,37.0,56.0,4.0,1.0,7.4,,,0.0,RUSSIA,"KAMCHATKA PENINSULA, RUSSIA",53.19,160.143,0.1,4.0,,,,,,,,,,,,,,,,,,,,,,,,,,,
,2025.0,9.0,18.0,18.0,58.0,13.0,4.0,1.0,7.8,,,0.0,RUSSIA,"KAMCHATKA PENINSULA, RUSSIA",53.193,160.513,0.31,33.0,,,,,,,,,,,,,,,,,,,,,,,,,,,
,2025.0,10.0,10.0,1.0,43.0,59.0,4.0,1.0,7.4,,,0.0,PHILIPPINES,"MINDANAO ISLAND, PHILIPPINES",7.287,126.69,0.3,6.0,,,,,,,,,,,,,,,,10.0,1.0,,,176.0,3.0,5.7,3.0,1190.0,4.0,24410.0,4.0
,2025.0,11.0,9.0,8.0,3.0,37.0,4.0,1.0,6.8,,,0.0,JAPAN,SANRIKU,39.396,143.411,0.2,4.0,,,,,,,,,,,,,,,,,,,,,,,,,,,
,2025.0,12.0,8.0,14.0,15.0,10.0,4.0,1.0,7.6,,,0.0,JAPAN,OFF NORTHEAST COAST HONSHU,41.003,142.171,0.7,19.0,,,,,,,,,,,,,,,,,,,,46.0,2.0,,2.0,1.0,1.0,55.0,2.0
,2025.0,12.0,12.0,2.0,44.0,11.0,4.0,1.0,6.7,,,0.0,JAPAN,OFF NORTHEAST COAST HONSHU,40.918,142.745,0.2,3.0,,,,,,,,,,,,,,,,,,,,,,,,,,,
,2026.0,1.0,2.0,13.0,58.0,18.0,4.0,1.0,6.5,,,0.0,MEXICO,ACAPULCO,16.902,-99.303,0.05,1.0,,,,,,,,,,,,,,,,2.0,1.0,,,,,3.6,2.0,380.0,3.0,920.0,3.0
,2026.0,4.0,1.0,22.0,48.0,13.0,4.0,1.0,7.4,,,0.0,INDONESIA,MOLUCCA SEA,1.117,126.297,0.75,13.0,,,,,,,,,,,,,,,,1.0,1.0,,,,1.0,,2.0,,,,
,2026.0,4.0,20.0,7.0,53.0,0.0,4.0,1.0,7.4,,,0.0,JAPAN,OFF NORTHEAST COAST HONSHU,39.953,143.046,0.8,24.0,,,,,,,,,,,,,,,,,,,,10.0,1.0,,,,,,
,2026.0,6.0,7.0,23.0,37.0,41.0,4.0,1.0,7.8,,,0.0,PHILIPPINES,"MINDANAO ISLAND, PHILIPPINES",5.592,125.047,2.5,40.0,,,,2.0,1.0,1.0,1.0,,,,1.0,6.0,1.0,,,107.0,3.0,7.0,1.0,1320.0,4.0,25.45,4.0,19195.0,4.0,102265.0,4.0
,2026.0,6.0,24.0,22.0,5.0,11.0,4.0,1.0,7.5,,,0.0,VENEZUELA,NORTHWEST VENEZUELA,10.509,-68.504,0.04,4.0,,,,,,,,,,,,,,,,6509.0,4.0,,,16740.0,4.0,19600.0,4.0,,4.0,,4.0
,2026.0,7.0,17.0,14.0,48.0,39.0,4.0,1.0,7.3,,,0.0,MEXICO,S. MEXICO,14.604,-92.952,0.34,6.0,,,,,,,,,,,,,,,,,,,,,1.0,,2.0,26.0,1.0,390.0,3.0
,2026.0,8.0,14.0,21.0,58.0,21.0,4.0,1.0,7.7,,,0.0,INDONESIA,FLORES SEA,-8.31,121.352,2.92,44.0,,,,,,,,,,,1.0,,,,,156.0,3.0,,,1620.0,4.0,,4.0,5099.0,4.0,39767.0,4.0
